HGVS_variant	chrom	chromStart	chromEnd	name	refNCBI	refUCSC	observed
NC_000011.9g.534286C>A	chr11	534285	534286	rs104894228	C	C	A/C/G/T
NC_00000X.9g.22833267G>A	chrX	22833266	22833267	rs889438737	G	G	A/G
NC_000002.11g.96778680C>A	chr2	96778679	96778680	rs76946607	C	C	A/C/T
NC_000002.11g.96778680C>A	chr2	96778679	96778679	rs34790807	-	-	-/A/C
NC_000002.11g.96778705G>A	chr2	96778704	96778705	rs182407237	G	G	A/G
NC_000002.11g.96778894A>G	chr2	96778893	96778894	rs145612437	A	A	A/G
NC_000002.11g.96778904C>T	chr2	96778903	96778904	rs369917442	C	C	C/T
NC_000002.11g.96779015T>A	chr2	96779014	96779015	rs147773851	T	T	A/T
NC_000002.11g.96779043T>C	chr2	96779042	96779043	rs29000576	T	T	A/G
NC_000002.11g.96779049A>G	chr2	96779048	96779049	rs148821178	A	A	A/G
NC_000002.11g.96779147G>A	chr2	96779146	96779147	rs142587561	G	G	A/G
NC_000002.11g.96779159G>A	chr2	96779158	96779159	rs29000575	G	G	C/G/T
NC_000002.11g.96779235C>T	chr2	96779234	96779235	rs29000574	C	C	A/G
NC_000002.11g.96779235C>T	chr2	96779235	96779235	rs1401678006	-	-	-/GGG
NC_000002.11g.96779341C>T	chr2	96779340	96779341	rs140847349	C	C	C/G/T
NC_000002.11g.96779342G>A	chr2	96779341	96779342	rs29000573	G	G	C/T
NC_000002.11g.96779429A>C	chr2	96779428	96779429	rs185994066	A	A	A/C
NC_000002.11g.96779468C>T	chr2	96779467	96779468	rs189142434	C	C	C/T
NC_000002.11g.96779482G>A	chr2	96779481	96779482	rs29000572	G	G	C/T
NC_000002.11g.96779519C>T	chr2	96779518	96779519	rs181713863	C	C	A/C/T
NC_000002.11g.96779544T>C	chr2	96779543	96779544	rs369276346	T	T	C/T
NC_000002.11g.96779579G>A	chr2	96779578	96779579	rs373071216	G	G	A/C/G
NC_000002.11g.96779587A>C	chr2	96779586	96779587	rs45568638	A	A	G/T
NC_000002.11g.96779613A>G	chr2	96779612	96779613	rs185624106	A	A	A/G
NC_000002.11g.96779654G>T	chr2	96779653	96779654	rs138645845	G	G	G/T
NC_000002.11g.96779695A>C	chr2	96779694	96779695	rs3813662	A	A	G/T
NC_000002.11g.96779779G>A	chr2	96779778	96779779	rs13306149	G	G	C/T
NC_000002.11g.96779849G>T	chr2	96779848	96779849	rs2733970	G	G	C/T
NC_000002.11g.96779909G>C	chr2	96779908	96779909	rs35994755	G	G	C/G/T
NC_000002.11g.96779936C>A	chr2	96779935	96779936	rs191577530	C	C	A/C/G/T
NC_000002.11g.96779991C>G	chr2	96779990	96779991	rs145519326	C	C	C/G
NC_000002.11g.96780082C>T	chr2	96780081	96780082	rs29000571	C	C	A/G
NC_000002.11g.96780122G>T	chr2	96780121	96780122	rs4907299	G	G	A/G/T
NC_000002.11g.96780172G>A	chr2	96780171	96780172	rs138176506	G	G	A/G
NC_000002.11g.96780227T>C	chr2	96780226	96780227	rs182375643	T	T	C/T
NC_000002.11g.96780272A>G	chr2	96780271	96780272	rs13306148	A	A	C/T
NC_000002.11g.96780498G>A	chr2	96780497	96780498	rs371368208	G	G	A/G
NC_000002.11g.96780504G>A	chr2	96780503	96780504	rs35355631	G	G	C/G/T
NC_000002.11g.96780506C>T	chr2	96780505	96780506	rs368428483	C	C	C/T
NC_000002.11g.96780507G>A	chr2	96780506	96780507	rs372042632	G	G	A/G
NC_000002.11g.96780513G>A	chr2	96780512	96780513	rs75133239	G	G	A/C/G
NC_000002.11g.96780540C>T	chr2	96780539	96780540	rs34894270	C	C	A/G
NC_000002.11g.96780543G>T	chr2	96780542	96780543	rs186085130	G	G	G/T
NC_000002.11g.96780553C>T	chr2	96780552	96780553	rs367910193	C	C	C/T
NC_000002.11g.96780555G>A	chr2	96780554	96780555	rs200055567	G	G	A/G/T
NC_000002.11g.96780565A>G	chr2	96780564	96780565	rs376416256	A	A	A/G
NC_000002.11g.96780592C>T	chr2	96780591	96780592	rs369918003	C	C	C/G/T
NC_000002.11g.96780632G>A	chr2	96780631	96780632	rs201182537	G	G	A/G
NC_000002.11g.96780650G>T	chr2	96780649	96780650	rs201199389	G	G	A/G/T
NC_000002.11g.96780651T>C	chr2	96780650	96780651	rs375641838	T	T	C/T
NC_000002.11g.96780671C>G	chr2	96780670	96780671	rs61745676	C	C	C/G
NC_000002.11g.96780716T>G	chr2	96780715	96780716	rs2229169	T	T	A/C/T
NC_000002.11g.96780741G>A	chr2	96780740	96780741	rs373059413	G	G	A/G
NC_000002.11g.96780745A>G	chr2	96780744	96780745	rs376007357	A	A	A/G
NC_000002.11g.96780750C>T	chr2	96780749	96780750	rs369104505	C	C	C/T
NC_000002.11g.96780755C>A	chr2	96780754	96780755	rs372531531	C	C	A/C
NC_000002.11g.96780763C>T	chr2	96780762	96780763	rs29000569	C	C	A/G
NC_000002.11g.96780763C>T	chr2	96780763	96780763	rs761873272	-	-	-/T
NC_000002.11g.96780804C>T	chr2	96780803	96780804	rs371217738	C	C	A/C/T
NC_000002.11g.96780823G>A	chr2	96780822	96780823	rs371716124	G	G	A/G
NC_000002.11g.96780825C>T	chr2	96780824	96780825	rs200889434	C	C	C/G/T
NC_000002.11g.96780826G>A	chr2	96780825	96780826	rs191858217	G	G	A/G
NC_000002.11g.96780836C>T	chr2	96780835	96780836	rs375038887	C	C	A/C/T
NC_000002.11g.96780897C>A	chr2	96780896	96780897	rs370495632	C	C	A/C/T
NC_000002.11g.96780898G>A	chr2	96780897	96780898	rs375041292	G	G	A/G
NC_000002.11g.96780902G>A	chr2	96780901	96780902	rs367639127	G	G	A/G
NC_000002.11g.96780921G>C	chr2	96780920	96780921	rs45494291	G	G	C/G/T
NC_000002.11g.96780921G>C	chr2	96780920	96780920	rs780789067	-	-	-/G
NC_000002.11g.96780941C>T	chr2	96780940	96780941	rs372412131	C	C	A/C/T
NC_000002.11g.96780955C>T	chr2	96780954	96780955	rs200278633	C	C	C/G/T
NC_000002.11g.96780970A>C	chr2	96780969	96780970	rs370106123	A	A	A/C
NC_000002.11g.96780970A>C	chr2	96780969	96780969	rs1385105626	-	-	-/ACTCTT
NC_000002.11g.96780970A>C	chr2	96780970	96780970	rs1204257059	-	-	-/CTCTTCCTCCTCCTCCTCCTC
NC_000002.11g.96781087G>A	chr2	96781086	96781087	rs201255251	G	G	A/G
NC_000002.11g.96781191T>A	chr2	96781190	96781191	rs368576695	T	T	A/C/T
NC_000002.11g.96781217G>A	chr2	96781216	96781217	rs36097995	G	G	C/G/T
NC_000002.11g.96781240C>G	chr2	96781239	96781240	rs371934652	C	C	C/G/T
NC_000002.11g.96781257C>G	chr2	96781256	96781257	rs9333568	C	C	C/G/T
NC_000002.11g.96781295G>A	chr2	96781294	96781295	rs28932482	G	G	C/T
NC_000002.11g.96781319A>G	chr2	96781318	96781319	rs187890656	A	A	A/G
NC_000002.11g.96781321G>A	chr2	96781320	96781321	rs372356977	G	G	A/G/T
NC_000002.11g.96781322G>A	chr2	96781321	96781322	rs375131185	G	G	A/G
NC_000002.11g.96781412G>A	chr2	96781411	96781412	rs369353304	G	G	A/G
NC_000002.11g.96781436C>T	chr2	96781435	96781436	rs372831901	C	C	C/T
NC_000002.11g.96781451C>T	chr2	96781450	96781451	rs13306147	C	C	A/G
NC_000002.11g.96781466G>A	chr2	96781465	96781466	rs375034155	G	G	A/G/T
NC_000002.11g.96781485G>A	chr2	96781484	96781485	rs79421642	G	G	A/G
NC_000002.11g.96781527T>C	chr2	96781526	96781527	rs375435216	T	T	C/T
NC_000002.11g.96781549C>T	chr2	96781548	96781549	rs369790085	C	C	C/T
NC_000002.11g.96781550G>A	chr2	96781549	96781550	rs372554591	G	G	A/G
NC_000002.11g.96781576C>T	chr2	96781575	96781576	rs202241079	C	C	A/C/T
NC_000002.11g.96781583G>A	chr2	96781582	96781583	rs370055953	G	G	A/G
NC_000002.11g.96781596G>T	chr2	96781595	96781596	rs368204339	G	G	A/C/G/T
NC_000002.11g.96781628C>A	chr2	96781627	96781628	rs373152903	C	C	A/C/T
NC_000002.11g.96781687A>T	chr2	96781686	96781687	rs191996571	A	A	A/T
NC_000002.11g.96781723C>T	chr2	96781722	96781723	rs370956755	C	C	A/C/T
NC_000002.11g.96781731G>A	chr2	96781730	96781731	rs369199441	G	G	A/G
NC_000002.11g.96781753G>C	chr2	96781752	96781753	rs373352937	G	G	C/G
NC_000002.11g.96781754G>A	chr2	96781753	96781754	rs376620259	G	G	A/G
NC_000002.11g.96781759G>A	chr2	96781758	96781759	rs183046877	G	G	A/G
NC_000002.11g.96781769G>A	chr2	96781768	96781769	rs35812638	G	G	C/T
NC_000002.11g.96781830G>A	chr2	96781829	96781830	rs370754756	G	G	A/G
NC_000002.11g.96781853T>C	chr2	96781852	96781853	rs9333567	T	T	A/G
NC_000001.9g.10644897T>A	chr1	10644896	10644897	rs960203231	G	G	G/T
NC_000001.9g.90046834G>C	chr1	90046833	90046834	rs1489652975	A	A	A/C
NC_00000X.9g.4933483C>G	chrX	4933482	4933483	rs1216016635	T	T	G/T
